PERSONLIST	fa5ad9a8-557e-3a84-8f23-e52d3d3adf77	1	MARGUERITE	NICKLES	232 S RICHELIEU ST.	PORT NORRIS	NJ	08349	848	713-6906	9852 WEST DORSET STREET	SHADE GAP	PA	17255	814	248-0677	117-85-3320	788-71-4075	2007-01-02	F	2012-12-03T19:30:46.364-0600
PERSONLIST	e675cc21-c1f7-3217-8f5d-6a5b1929afde	2	ROBIN	CLINE	8692 EAST DELTA ST.	KEWAUNEE	WI	54216	920	850-0525	4090 EAST GRASSENDALE PARK	SOLOMON	KS	67480	785	311-7539	684-78-8091	926-55-3353	1991-09-05	M	2011-08-23T04:04:24.867-0500
PERSONLIST	596be2d4-4fa5-3557-b02b-144ffde1014e	3	JOSHUA	SEYMOUR	3630 N SIREN ST.	CHENEY	KS	67025	316	768-4917	4285 NORTHWEST JACKSON ST.	CUSSETA	AL	36852	334	869-1954	546-08-0246	129-46-7301	1943-06-14	M	2010-10-31T12:18:47.504-0500
PERSONLIST	59cff542-fae7-30c4-a67e-45740a12c9a0	4	CELIA	HORAN	7479 NORTHEAST CAMP ST.	PRAGUE	NE	68050	402	216-5155	8961 EAST ALEXANDER ST.	BYBEE	TN	37713	423	565-8796	192-37-8105	506-19-4900	1985-03-12	F	2011-05-02T03:23:27.060-0500
PERSONLIST	aaa07454-fa93-3d2d-b7b4-c5da9f2f87fd	5	JULIE	JACKSON	8388 SOUTH CALIFORNIA ST.	TUCSON	AZ	85708	520	267-3352	3735 SOUTH ST. DENIS ST.	ALLENTON	MI	48002	810	710-0470	369-98-6555	462-11-4610	1953-05-00	F	2013-11-14T21:23:35.549-0600
PERSONLIST	4adc8224-eb73-3aa1-8e16-8390ac8cc251	6	JULIE	JACKSON	8388 SOUTH CALIFORNIA ST.	TUCSON	AZ	85708	520	267-3352		ALLENTON	MI	48002	810	710-0470	369-98-6555	462-11-4610	1953-05-00	F	2010-01-09T22:29:34.364-0600
PERSONLIST	e3e13013-b74d-3729-93e2-a1225c2b5cd0	7	JULIE	JACKSON	8388 SOUTH CALIFORNIA ST.	TUCSON	AZ	85708	520	267-3352	3735 SOUTH ST. DENIS ST.	ALLENTON	MI	48002	810	710-0470	369-98-6555	462-11-6410	1953-05-00	F	2013-11-08T23:20:42.011-0600
PERSONLIST	ae2219b5-3716-336c-bbb2-6f8a5ff693c0	8	JULIE	JACKSON	8388 SOUTH CALIFORNIA ST.	TUCSON	AZ	85708	520	267-3352	3735 SOUTH ST. DENIS ST.	ALLENTON	MI	48002			369-98-6555	462-11-4610	1953-05-00	F	2013-10-05T04:26:23.973-0500
PERSONLIST	db572e5a-4acf-3c59-8e2a-3c06c0d60057	9	ELAINE	DANIEL	5328 SOUTH CITé CONDORCET	ARDOCH	ND	58213	701	366-8111	3646 SOUTH ST. MAURICE AVE.	SHAFTER	CA	93263	661	638-4733	134-28-9836	636-78-1171	1996-05-24	F	2013-10-15T21:26:33.335-0500
PERSONLIST	ed9c7d5a-52a8-3ca1-a3da-7b3e59928b2a	10	FRANK	DIETSCH	5064 E METAIRIE AVE.	BRANDSVILLE	MO	65688	417	252-5592	1176 E THAYER ST.	COLUMBIA	MO	65215	557	291-9517	217-38-5525	129-10-0407	1935-01-13	M	2013-10-01T02:50:54.488-0500
PERSONLIST	89457ff3-6a4d-3917-93df-590ba6738b87	11	FRANK	DIETSCH	5064 E METAIRIE AVE.	BRANDSVILLE	MO	65688	417	252-5529	1176 E THAYER ST.	COLUMBIA	MO	65215	557	291-9517	217-38-5525	129-10-0407	1935-01-13	M	2011-08-04T07:31:16.084-0500
PERSONLIST	859219f0-f88e-3c65-b937-6ad71202b753	12	FRANK	DIETSCH	5064 E METAIRIE AVE.	BRANDSVILLE	MO	65688	417	252-5592	1176 E THAYER ST.	COLUMBIA	MO	65215	557	291-9571	217-38-5525	129-10-0407	1935-01-13	M	2011-05-23T18:22:19.833-0500
PERSONLIST	078d7896-aa46-32a4-ad10-c14f194fa089	13	OLEN	BROWN	9097 N SOLON ST.	CANAL WINCHESTER	OH	43110	614	338-0659	5359 N P.O. BOX	OAKLAND	CA	94612	510	296-3325	459-13-7226	725-83-0348	1980-08-15	M	2011-03-06T14:48:56.772-0600
PERSONLIST	bbfae393-b3df-3df3-a90b-5cd543171e42	14	BRANDON	WILSON	5446 N MARAIS ST.	ELBA	AL	36323	334	452-7710	3510 SOUTH AUDUBON ST.	MIDDLE POINT	OH	45863	419	703-5413	114-15-4405	824-10-9751	1961-01-15	M	2012-01-10T23:20:30.871-0600
PERSONLIST	1b3cff79-fa6e-3b50-96a0-00ce2b9b721b	15	MARLENE	GALARZA	9134 E PERIANDER ST.	NEWTON	IA	50208	641	790-0416	803 EAST HENDERSON ST.	SUNBURG	MN	56289	320	471-7635	769-29-2222	925-77-9706	1939-04-07	F	2010-06-19T11:16:11.909-0500
PERSONLIST	a370cd70-3d0d-345a-be9e-40525e7badda	16	MARLENE	GALARZA	9314 E PERIANDER ST.	NEWTON	IA	50208	641	790-0416	803 EAST HENDERSON ST.	SUNBURG	MN	56289	320	471-7635	769-29-2222	925-77-9706	1939-04-07	F	2013-01-30T18:04:12.357-0600
PERSONLIST	23df7cb1-ad77-32c5-9d9d-ffb24c55fcc2	17	MARLENE	GALARZA	9134 E PERIANDER ST.	NEWTON	IA	50208	641	790-0416	803 EAST HENDERSON ST.	SUNBURG	MN	56289	320	471-7635	769-22-9222	925-77-9706	1939-04-07	F	2012-08-22T03:28:40.576-0500
PERSONLIST	d8fd2d5d-76e3-39fd-91df-ee82dc75dfa0	18	MARLENE	GALARZA	9134 E PERIANDER ST.	NEWTON	IA	50208	641	790-0416	803 EAST HENDERSON ST.	SUNBURG	MN	56289	320	471-7635	769-29-2222	925-77-9706	1939-04-07	F	2010-08-18T01:10:22.695-0500
PERSONLIST	d4f434f6-e57d-3877-baf5-6c27969c3090	19	GEARLDINE	MCCASKILL	1608 NORTH COTTON ST.	DOWNS	KS	67437	785	336-7086	7739 W PARNELL SQUARE	VANCOUVER	WA	98683	360	356-4135	958-37-4873	603-38-6682	1939-09-04	F	2011-07-07T14:16:35.462-0500
PERSONLIST	691dcc11-68f9-3fd1-9c04-33176e714bb1	20	CHRIS	LINDERSMITH	2406 NORTH 8 TH AVENUE	MONT ALTO	PA	17237	717	335-8495	2733 SOUTHWEST EDMOND ST.	QUICKSBURG	VA	22847	540	217-2594	355-15-3525	591-67-0161	1948-02-00	M	2010-07-24T05:38:19.368-0500
PERSONLIST	17bbdf3b-c109-3028-8789-5c8b3ad9a9a5	21	CHRIS	LINDERSMITH	2406 NORTH 8 TH AVENUE	MONT ALTO	PA	17237			2733 SOUTHWEST EDMOND ST.	QUICKSBURG	VA	22847	540	217-2594	355-15-3525	591-67-0161	1948-02-00	M	2012-10-12T08:39:21.445-0500
PERSONLIST	1d13f4c3-d8c0-37fb-bc6f-c4ea39e99d41	22	CHRIS	LINDERSMITH	2406 NORTH 8 TH AVENUE	MONT ALTO	PA	17237	717	335-8495	2733 SOUTHWEST EDMOND ST.	QUICKSBURG	VA	22847	540	217-2594	355-15-3525	591-67-0161	1948-02-00	M	2013-03-22T11:30:23.685-0500
PERSONLIST	eb0ee8ec-2aa9-3cfe-b2b9-e1ff1c69447b	23	CHRIS	LINDERSMITH	2406 NORTH 8 TH AVENUE	MONT ALTO	PA	17237	717	335-8495	2733 SOUTHWEST EDMOND ST.	QUICKSBURG	VA	22847			355-15-3525	591-67-0161	1948-02-00	M	2010-01-08T08:12:09.975-0600
PERSONLIST	a211b470-3ca7-362e-8093-bf457b490729	24	C	LINDERSMITH	2406 NORTH 8 TH AVENUE	MONT ALTO	PA	17237	717	335-8495	2733 SOUTHWEST EDMOND ST.	QUICKSBURG	VA	22847	540	217-2594	355-15-3525	591-67-0161	1948-02-00	M	2012-02-04T07:12:39.969-0600
PERSONLIST	a4de4038-1b27-372b-a810-348384e6f858	25	AMANDA	SMITH	1356 EAST NARCISSE ST.	TOLEDO	OH	43620	419	160-6938	2612 WEST BENJAMIN ST.	ETNA	NH	03750	603	231-6225	493-09-6024	445-46-2209	1939-11-05	F	2012-12-22T23:04:19.292-0600
PERSONLIST	0fe8965d-05c3-3706-a5bf-bec88629ed68	26	AMANDA	SMITH	1356 EAST NARCISSE ST.	TOLEDO	OH	43620	419	106-6938	2612 WEST BENJAMIN ST.	ETNA	NH	03750	603	231-6225	493-09-6024	445-46-2209	1939-11-05	F	2010-07-27T12:53:02.636-0500
PERSONLIST	af367076-3524-33ed-bbe9-acd7951755bc	27	AMANDA	SMITH	1356 EAST NARCISSE ST.	TOLEDO	OH	43620	419	160-6938	2612 WEST BENJAMIN ST.	ETNA	NH	03750	603	231-6225	493-09-6204	445-46-2209	1939-11-05	F	2011-12-05T19:19:16.199-0600
PERSONLIST	a87ad259-c809-3ae2-80f0-dcdfec37bb16	28	AMANDA	SMITH	3156 EAST NARCISSE ST.	TOLEDO	OH	43620	419	160-6938	2612 WEST BENJAMIN ST.	ETNA	NH	03750	603	231-6225	493-09-6024	445-46-2209	1939-11-05	F	2012-03-06T14:16:11.349-0600
PERSONLIST	8d4970e2-73fb-308e-9144-8eab05a0a484	29	AMANDA	SMITH	1356 EAST NARCISSE ST.	TOLEDO	OH	43602	419	160-6938	2612 WEST BENJAMIN ST.	ETNA	NH	03750	603	231-6225	493-09-6024	445-46-2209	1939-11-05	F	2012-04-23T04:26:36.833-0500
PERSONLIST	2a0bb202-0d88-32dd-af43-2a1f7fc8c749	30	JERRY	TEEL	2062 SOUTH LYDIA ANNE STREET	BELCAMP	MD	21017	410	354-8568	4845 E HECTOR AVE.	BOYNTON BEACH	FL	33435	561	298-6044	746-44-6271	513-92-2349	1939-04-22	M	2010-10-27T10:05:18.846-0500
PERSONLIST	36c0e3eb-cd8f-3e43-bcd9-b036a8afae2a	31	JERRY	TEEL	2062 SOUTH LYDIA ANNE STREET	BELCAMP	MD	21017	410	354-8568	4845 E HECTOR AVE.	BOYNTON BEACH	FL	33435	561	298-6044	746-44-6271	513-92-2349	1939-04-22	M	2012-06-29T18:37:43.162-0500
PERSONLIST	b54d48a4-f75f-3a79-af07-72198a873e95	32	JERRY	TEEL	2062 SOUTH LYDIA ANNE STREET	BELCAMP	MD	21017	410	354-8658	4845 E HECTOR AVE.	BOYNTON BEACH	FL	33435	561	298-6044	746-44-6271	513-92-2349	1939-04-22	M	2010-09-27T21:34:09.888-0500
PERSONLIST	69b8ca36-2269-3ab7-85e0-729250866bd1	33	JERRY	TEEL	2062 SOUTH LYDIA ANNE STREET	BELCAMP	MD	21017	410	354-8568	4845 E HECTOR AVE.	BOYNTON BEACH	FL	33453	561	298-6044	746-44-6271	513-92-2349	1939-04-22	M	2010-01-16T14:38:17.472-0600
PERSONLIST	9ab94b2e-ca50-3f0f-bb0b-86179be705a8	34	JERRY	TEEL	2062 SOUTH LYDIA ANNE STREET	BELCAMP	MD	21017	410	354-8568	4845 E HECTOR AVE.	BOYNTON BEACH	FL	33435	561	298-6044	746-44-6271	513-92-2349	1939-04-22	M	2010-08-24T07:49:23.126-0500
PERSONLIST	72b4013a-f37a-33a0-9808-bbfa23f56c34	35	HAROLD	STILES	9 SOUTH VANDRIES STREET	PHOENIX	AZ	85075	480	325-9871	217 EAST POWNALL SQUARE	ELWIN	IL	62532	217	442-1966	659-97-2963	751-94-6359	1958-09-27	M	2010-09-18T04:18:54.513-0500
PERSONLIST	5c4aa8c0-6552-3339-8920-e929d27eda4d	36	HAROLD	STILES	9 SOUTH VANDRIES STREET	PHOENIX	AZ	85075	480	325-9871	217 EAST POWNALL SQUARE	ELWIN	IL	62532	217	442-1966	659-97-2963	751-49-6359	1958-09-27	M	2012-02-29T12:28:57.647-0600
PERSONLIST	61e5994b-f934-39d2-aac1-8da5cb2bf073	37	MIGUEL	DAVIS	798 E DANTE ST.	WITTENSVILLE	KY	41274	606	896-4672	7761 NORTHEAST SYCAMORE ST.	GALLOWAY	WV	26349	304	163-2054	332-35-4413	798-43-6232	2007-09-26	M	2013-11-23T18:30:56.606-0600
PERSONLIST	87f250f8-8d95-3f7c-a81e-c162b473db75	38	MICHAEL	CASHER	2860 SOUTHEAST P.O. BOX	WEST SPRINGFIELD	MA	01090	351	720-2638	8510 W PRINCES BOULEVARD	WINSTON SALEM	NC	27105	336	818-2697	928-29-6247	294-82-8753	1951-08-09	M	2010-12-25T13:38:12.029-0600
PERSONLIST	9e358556-a7f0-383b-bcda-3150d8b93c25	39	PHILLIP	CHRISTIAN	9181 W RICHMOND PLACE	SACRAMENTO	CA	94261	916	560-3638	4800 EAST BOLIVAR ST.	WEST COVINA	CA	91793	626	859-3240	821-83-3875	585-96-5857	2002-10-18	M	2011-07-31T10:28:51.810-0500
PERSONLIST	570d330a-3345-3b3b-9021-ca468e949ef0	40	HONG	FULCHER	8552 SE LEMON ST.	UTICA	KS	67584	785	275-7022	8865 N WINDOW LANE	KATHRYN	ND	58049	701	661-6002	669-13-4096	200-69-2167	1931-09-22	M	2010-11-14T22:00:03.268-0600
PERSONLIST	5c916536-f05f-35bb-9fca-34208c393a21	41	HONG	FULCHER	8552 SE LEMON ST.	UTICA	KS	67584	785	275-7022	8865 N WINDOW LANE	KATHRYN	ND	58049	701	661-6002	669-13-4096	200-69-2167		M	2011-09-24T04:53:21.252-0500
PERSONLIST	7e053586-8cd4-3dff-b488-4bfba0fa1594	42		FULCHER	8552 SE LEMON ST.	UTICA	KS	67584	785	275-7022	8865 N WINDOW LANE	KATHRYN	ND	58049	701	661-6002	669-13-4096	200-69-2167	1931-09-22	M	2010-12-07T15:22:29.234-0600
PERSONLIST	fc96e792-f001-3441-adcd-71d356ba4bfb	43	FULCHER	HONG	8552 SE LEMON ST.	UTICA	KS	67584	785	275-7022	8865 N WINDOW LANE	KATHRYN	ND	58049	701	661-6002	669-13-4096	200-69-2167	1931-09-22	M	2013-07-24T04:45:37.685-0500
PERSONLIST	dae78b2a-1c04-3306-b800-e7c3720391a8	44	GARY	HOUSER	9536 SE VALENCE ST.	BOSTON	MA	02122	617	835-2570	6035 EAST POPLAR ST.	STIRLING CITY	CA	95978	949	215-8021	689-41-7760	402-29-2025	2003-11-27	M	2010-02-25T23:53:39.074-0600
PERSONLIST	20a2a503-2521-3535-a6ad-e259533055fa	45	WILLIAM	PATINO	4900 SOUTH HAGAN AVE.	NEW PARK	PA	17352	717	612-4257	8780 SOUTH COTTON PRESS ST.	PARK RIDGE	NJ	07656	201	968-8918	531-88-1415	159-92-5996	1947-08-19	M	2012-05-15T12:11:08.905-0500
PERSONLIST	245135a6-9c7c-31a1-a0cf-4a71d0be5622	46	WILLIAM	PATINO	4900 SOUTH HAGAN AVE.	NEW PARK	PA	17352	717	612-4257	8780 SOUTH COTTON PRESS ST.	PARK RIDGE	NJ	07656	201	968-8981	531-88-1415	159-92-5996	1947-08-19	M	2012-08-15T06:00:25.993-0500
PERSONLIST	af426545-73bd-3ff2-883d-33796bc681a1	47	WILLIAM	PATINO	4900 SOUTH HAGAN AVE.	NEW PARK	PA	17352	717	612-4257	8780 SOUTH COTTON PRESS ST.	PARK RIDGE	NJ	07656	201	968-8918	538-18-1415	159-92-5996	1947-08-19	M	2010-06-25T03:02:10.245-0500
PERSONLIST	e898f8d4-b6cf-3f76-b7b4-b93ac0c0599d	48	WILLIAM	PATINO	4900 SOUTH HAGAN AVE.	NEW PARK	PA	17352	717	612-4257	8780 SOUTH COTTON PRESS ST.	PARK RIDGE	NJ	07665	201	968-8918	531-88-1415	159-92-5996	1947-08-19	M	2012-08-11T07:26:35.702-0500
PERSONLIST	8edf9cbd-0e72-38ad-a187-8499a13d4933	49	LUCINDA	HENDRICKS	6558 SOUTHEAST MOHAWK LANE	BOAZ	AL	35957	256	625-5194	2365 NORTHEAST 42 ND AVENUE	GOSHEN	CA	93227	559	429-2447	423-79-1425	577-86-8291	2013-09-01	F	2013-12-09T02:17:40.858-0600
PERSONLIST	e2201fe0-1a95-3815-9cb1-0f40492450ac	50	ROSEMARY	WILDER	3785 E P.O. BOX	SAN MATEO	FL	32187	904	203-1283	7703 NE RINGOLD ST.	WILMETTE	IL	60091	847	762-2583	398-72-4006	125-17-2077	1995-07-01	F	2010-10-30T02:02:38.249-0500
PERSONLIST	c0220aa9-d021-3d31-aac5-7880c554856a	51	ROSEMARY	WILDER	3785 E P.O. BOX	SAN MATEO	FL	32187	904	203-1283	7730 NE RINGOLD ST.	WILMETTE	IL	60091	847	762-2583	398-72-4006	125-17-2077	1995-07-01	F	2011-07-02T09:42:36.282-0500
PERSONLIST	a3c3c58e-5d7e-3f66-af8d-98af1a53c22e	52	WILDER	ROSEMARY	3785 E P.O. BOX	SAN MATEO	FL	32187	904	203-1283	7703 NE RINGOLD ST.	WILMETTE	IL	60091	847	762-2583	398-72-4006	125-17-2077	1995-07-01	F	2011-11-08T22:53:49.025-0600
PERSONLIST	bd90c7c3-5ad0-3c4a-9a51-b252a65cd506	53	ROSEMARY	WILDER	3785 E P.O. BOX	SAN MATEO	FL	32187	904	023-1283	7703 NE RINGOLD ST.	WILMETTE	IL	60091	847	762-2583	398-72-4006	125-17-2077	1995-07-01	F	2011-05-03T10:42:30.400-0500
PERSONLIST	849706cf-e601-3f86-bee0-b2e3905f7d50	54	ROSEMARY	WILDER	3785 E P.O. BOX	SAN MATEO	FL	32187	904	203-1238	7703 NE RINGOLD ST.	WILMETTE	IL	60091	847	762-2583	398-72-4006	125-17-2077	1995-07-01	F	2011-10-10T13:48:04.888-0500
PERSONLIST	23ff6920-c2c7-3c30-a0b5-c6f6df8181e1	55	LINDA	DENKER	8517 NORTHEAST VIRGINIA STREET	BELCHER	LA	71004	318	260-5068	2782 SOUTH CANNING PLACE	INOLA	OK	74036	918	391-0932	301-16-7211	157-32-2247	1974-10-12	F	2012-01-07T13:00:34.239-0600
PERSONLIST	fc4e102b-3d9b-33cb-839c-12c4dd171dcd	56	LINDA	DENKER	8517 NORTHEAST VIRGINIA STREET	BELCHER	LA	71004	318	260-5068	2782 SOUTH CANNING PLACE	INOLA	OK		918	391-0932	301-16-7211	157-32-2247	1974-10-12	F	2013-12-30T12:15:47.841-0600
PERSONLIST	d64ca469-6821-3f7c-9513-0ccdd31d9597	57	LINDA	DENKER	8517 NORTHEAST VIRGINIA STREET	BELCHER	LA	71004	318	260-5068	2782 SOUTH CANNING PLACE	INOLA	OK	74036	918	390-1932	301-16-7211	157-32-2247	1974-10-12	F	2012-07-10T01:30:58.135-0500
PERSONLIST	b85226e7-1828-3a8d-a6b0-18099bd0fef7	58		DENKER	8517 NORTHEAST VIRGINIA STREET	BELCHER	LA	71004	318	260-5068	2782 SOUTH CANNING PLACE	INOLA	OK	74036	918	391-0932	301-16-7211	157-32-2247	1974-10-12	F	2013-08-21T22:39:16.646-0500
PERSONLIST	baf5e868-a5d8-3b4a-bc48-488aa3b97590	59	CARMELA	ROE	217 NORTHEAST TENTH ST.	WHEELWRIGHT	KY	41669	606	282-8217	9326 WEST 63 RD AVENUE	HARTLEY	IA	51346	712	434-2295	598-47-5418	773-83-3377	2010-06-20	F	2012-01-12T16:35:14.269-0600
PERSONLIST	f26717b6-8c6b-3420-9132-351069ef82f6	60	JOSEPH	CLARK	1120 NORTHEAST INDIAN ST.	PLACERVILLE	CA	95667	949	220-7545	7704 S CHARTRES ST.	REIDSVILLE	NC	27321	336	102-1599	589-67-6614	598-49-5265	1943-06-07	M	2011-12-20T00:14:42.259-0600
PERSONLIST	fb8dec1e-d732-3d0a-9cb7-e5c74a375f88	61	CLARK	JOSEPH	1120 NORTHEAST INDIAN ST.	PLACERVILLE	CA	95667	949	220-7545	7704 S CHARTRES ST.	REIDSVILLE	NC	27321	336	102-1599	589-67-6614	598-49-5265	1943-06-07	M	2011-09-19T11:53:18.397-0500
PERSONLIST	569a0aec-f7df-3b22-800c-76bfd344b94a	62	JOSEPH		1120 NORTHEAST INDIAN ST.	PLACERVILLE	CA	95667	949	220-7545	7704 S CHARTRES ST.	REIDSVILLE	NC	27321	336	102-1599	589-67-6614	598-49-5265	1943-06-07	M	2011-03-27T03:58:11.924-0500
PERSONLIST	430bd9a5-76d8-3a67-a599-639c6d574ef9	63	ERIC	DOLS	8074 E CONGO ST.	STUDIO CITY	CA	91604	818	696-1762	393 WEST SOUTH COLLINS STREET	MOUNT WASHINGTON	NH	03589	603	996-6643	192-96-2181	607-53-7125	1987-07-05	M	2012-11-14T00:11:33.686-0600
PERSONLIST	c96d5502-b9fd-39f2-8913-025b5127ccc1	64	SHANNON	GENTRY	5821 NORTHEAST JULIA ST.	RUFE	OK	74755	580	591-1329	3530 SE 103 RD AVENUE	LIVERPOOL	IL	61543	224	551-4344	540-79-0846	786-10-0112	1932-11-09	F	2013-11-07T02:06:19.007-0600
PERSONLIST	a5d8d016-2221-3a99-8d2e-08a12be0d686	65	LEONARD	WHITEHEAD	1720 N UPPERLINE ST.	PORTIA	AR	72457	870	290-8263	6271 NORTH PETERS ST.	DESHLER	NE	68340	402	443-4238	320-00-7037	139-51-2509	1998-06-10	M	2010-11-03T02:39:11.542-0500
PERSONLIST	f40ed859-6f08-3032-be04-26091fda65d3	66	WHITEHEAD	LEONARD	1720 N UPPERLINE ST.	PORTIA	AR	72457	870	290-8263	6271 NORTH PETERS ST.	DESHLER	NE	68340	402	443-4238	320-00-7037	139-51-2509	1998-06-10	M	2010-09-10T06:45:29.723-0500
PERSONLIST	b8484252-b89e-3a5a-8761-191a9c557867	67	LEONARD	WHITEHEAD	1720 N UPPERLINE ST.	PORTIA	AR	72457	870	290-8263	6271 NORTH PETERS ST.	DESHLER	NE	68340	402	443-4238	320-00-7037	139-51-2590	1998-06-10	M	2012-03-13T01:28:15.793-0500
PERSONLIST	e031fdc8-7036-3212-b562-ca9baf1b1a1e	68	LEONARD	WHITEHEAD	1720 N UPPERLINE ST.	PORTIA	AR	72457	870	290-8263	6271 NORTH PETERS ST.	DESHLER	NE	68340	402	443-4238		139-51-2509	1998-06-10	M	2012-03-22T13:56:36.058-0500
PERSONLIST	7c30d3db-6f1a-38c0-8a21-fbf1bccf771f	69	JAMES	GREENAWALT	8755 NORTHWEST HAYNE BLCD.	WENTZVILLE	MO	63385	636	699-3727	7134 SOUTH DE ARMAS ST.	CORBIN	KY	40702	606	951-1882	158-11-6878	283-57-2424	2011-09-12	M	2012-05-08T20:10:27.209-0500
PERSONLIST	201f3a8b-3e5f-371e-8623-11095491d9fa	70	LAWRENCE	THOMAS	8527 NORTHEAST SPARTA ST.	CARY	IL	60013	847	747-1570	498 SOUTHWEST BALDWIN ST.	HARTFORD	KY	42347	270	559-6508	174-53-4134	786-73-8478	2005-10-00	M	2013-02-27T00:10:52.415-0600
PERSONLIST	d4a0c7c5-ff0e-38f3-9167-a91085539fdd	71	LAWRENCE	THOMAS	8527 NORTHEAST SPARTA ST.	CARY	IL	60013	847	747-1570	498 SOUTHWEST BALDWIN ST.	HARTFORD	KY	42347	270	559-6508	174-53-4134	786-73-8478		M	2012-10-18T06:58:05.553-0500
PERSONLIST	05ece5d0-0550-3c21-9d57-c5028fcce17e	72	LAWRENCE	THOMAS	8527 NORTHEAST SPARTA ST.	CARY	IL	60013	847	747-1570		HARTFORD	KY	42347	270	559-6508	174-53-4134	786-73-8478	2005-10-00	M	2010-10-27T00:20:27.609-0500
PERSONLIST	947a15a7-7248-3380-8925-8f43581346a7	73	JOEL	ALVAREZ	5560 NE 22 ND STREET	CHETOPA	KS	67336	620	307-6706	793 EAST ROCHEBLAVE ST.	EATON	CO	80615	720	362-9330	859-85-1570	348-37-6534	1973-08-28	M	2011-01-08T10:08:42.001-0600
PERSONLIST	b9945450-f6a2-3f3e-bacf-776e264809b6	74	ELFREDA	HUEY	4945 NORTHEAST SQUARE DELAMBRE	STEUBENVILLE	OH	43952	740	242-9198	2715 NORTHWEST ELMER AVE.	POINTE AUX PINS	MI	49775	231	649-4784	144-73-1611	902-16-0569	2002-05-21	F	2013-02-10T12:51:33.229-0600
PERSONLIST	40f3c60b-5420-3e0e-9044-31464bfaa877	75	VIRGINIA	STACEY	3707 W RICHARD ST.	BERTHA	MN	56437	218	816-7794	8732 N FRANKLIN ST.	STEPHENTOWN	NY	12168	518	202-2688	992-32-6024	143-27-6217	1975-11-29	F	2010-11-25T18:11:05.795-0600
PERSONLIST	c647c791-24d9-302e-a941-4bd7a60c7df7	76	VIRGINIA	STACEY	3707 W RICHARD ST.	BERTHA	MN	56437	218	816-7794	8732 N FRANKLIN ST.	STEPHENTOWN	NY	12168	518	202-2688	992-32-6024	143-27-6217	1975-11-19	F	2013-12-07T07:31:48.263-0600
PERSONLIST	29d0984f-03fd-3cce-af57-b17005ab8e0e	77	VIRGINIA	STACEY	3707 W RICHARD ST.	BERTHA	MN	56437	218	816-7794	8732 N FRANKLIN ST.	STEPHENTOWN	NY	12168	518	202-2688	992-32-6024		1975-11-29	F	2013-03-20T03:04:58.085-0500
PERSONLIST	9f6fc22f-d9c9-3e68-ada4-e707e6200849	78	VIRGINIA	STACEY	3707 W RICHARD ST.	BERTHA	MN	56437	218	816-7794	8732 N FRANKLIN ST.	STEPHENTOWN	NY	12168	518	202-2688	993-22-6024	143-27-6217	1975-11-29	F	2013-05-06T21:32:50.382-0500
PERSONLIST	f23be4f7-4f82-3d68-912d-5d480b2cd2c9	79	VIRGINIA	STACEY	3707 W RICHARD ST.	BERTHA	MN	56437	218	816-7794		STEPHENTOWN	NY	12168	518	202-2688	992-32-6024	143-27-6217	1975-11-29	F	2010-08-27T08:03:43.503-0500
PERSONLIST	8fec2651-1ca8-326c-a973-befdf20b0aa7	80	RANDALL	BONATTI	1517 WEST 103 RD STREET	HAVERHILL	MA	01831	978	883-3109	7346 E RUE GABRIEL LAMé	RICHLAND	PA	17087	717	625-9958	680-06-8673	749-36-5725	1939-09-05	M	2012-07-20T10:12:35.570-0500
PERSONLIST	0524df25-5a48-354e-8a7a-39a20d7328e3	81	RANDALL	BONATTI	1517 WEST 103 RD STREET	HAVERHILL	MA	01831	978	883-3109	7346 E RUE GABRIEL LAMé	RICHLAND	PA	17087	717	625-9598	680-06-8673	749-36-5725	1939-09-05	M	2010-01-13T19:10:30.982-0600
PERSONLIST	58f75d29-b367-3cad-b8f4-f25be1275838	82	RANDALL	BONATTI	1517 WEST 103 RD STREET	HAVERHILL	MA	01831	978	883-3109	7346 E RUE GABRIEL LAMé	RICHLAND	PA	17087	717	625-9958	680-06-8673	749-36-5725	1939-09-05	M	2012-07-11T05:02:32.078-0500
PERSONLIST	1c8bb526-33d0-361e-a137-a984048bd224	83	GEORGE	HALL	7894 SE FLANDERS ST.	ELKO	NV	89801	775	664-9820	9935 NORTHEAST ST. JOHN ST.	ROLAND	AR	72135	501	909-6299	907-52-6950	356-38-5411	1988-04-13	M	2010-10-31T21:32:23.485-0500
PERSONLIST	edee544f-9e7c-3eb5-ade7-736b24b295ac	84	THOMAS	THORSTAD	9335 EAST CENTRAL AVENUE	POMPANO BEACH	FL	33062	954	651-3022	7825 W CHURCH STREET	MOUNDVILLE	AL	35474	205	591-0919	952-34-6585	932-60-2168	1990-07-11	M	2013-07-10T05:50:52.217-0500
PERSONLIST	8c76d2bd-2f51-3edf-9a92-49cb3685e4c4	85	CHRISTINE	DENNING	9812 N WUERPEL ST.	BURNEY	CA	96013	949	516-5224	1603 W UNIVERSITY PLACE	PORUM	OK	74455	918	133-3306	281-16-9602	551-15-4323	2007-08-24	F	2012-10-30T00:47:55.473-0500
PERSONLIST	30e51815-d142-324b-92d0-b15f851cf8bf	86	CHRISTINE	DENNING	9812 N WUERPEL ST.	BURNEY	CA	96013	949	516-5224	1603 W UNIVERSITY PLACE	PORUM	OK	74455	918	133-3306	281-16-6902	551-15-4323	2007-08-24	F	2012-11-22T20:18:12.251-0600
PERSONLIST	b47449c3-b5c7-3b11-9c8f-af2e9ecafd35	87	CHRISTINE	DENNING	9812 N WUERPEL ST.	BURNEY	CA	96013	949	516-5224	1603 W UNIVERSITY PLACE	PORUM	OK	74455			281-16-9602	551-15-4323	2007-08-24	F	2012-01-15T08:51:35.047-0600
PERSONLIST	d97f6951-a314-3dc5-aef2-01d50f366388	88	FRANCIS	THOMAS	1202 W PLAUCHE ST.	NASHVILLE	TN	37217	615	367-5392	6964 WEST TEWIT HALL ROAD	TOLEDO	OH	43620	419	251-7015	109-17-4407	193-02-8743	1985-08-23	M	2013-12-13T03:44:57.733-0600
PERSONLIST	686b8cba-f00e-35d8-b98c-6499041d2f19	89	DONALD	CLOUSE	6337 EAST DRYADES ST.	GARNER	NC	27529	919	448-8926	4633 E APRICOT ST.	MARLOW	NH	03456	603	647-9129	667-24-4073	175-55-2204	1984-10-12	M	2010-08-12T22:25:33.267-0500
PERSONLIST	9d8cf061-9155-39d3-8119-8f6887e503d8	90	GREGORY	WEST	8757 S P.O. BOX	PLATTEVILLE	CO	80651	720	481-2999	5963 EAST SERE ST.	TOLEDO	OH	43609	419	468-1554	116-92-6588	906-92-9847	1942-11-03	M	2012-11-04T03:35:38.097-0600
PERSONLIST	78d9dd1a-08f4-3eaa-8577-6b3bd7362f7d	91	GREGORY	WEST	8757 S P.O. BOX	PLATTEVILLE	CO	80651	720	481-2999	5963 EAST SERE ST.	TOLEDO	OH	43609	419	468-1554	116-92-6588	906-99-2847	1942-11-03	M	2013-04-18T21:03:55.501-0500
PERSONLIST	31060bec-79b6-37a8-b2ad-5b59aa74abcb	92	MARVIN	HICKMAN	9888 S DIAMOND ST.	KERENS	TX	75144	832	330-5254	2814 SE ALMA ROAD	MICHIGAMME	MI	49861	906	259-0759	903-06-4036	103-96-7289	2010-04-23	M	2010-06-30T17:24:28.642-0500
PERSONLIST	6e43497c-fe0a-3ed4-87b1-116b1fc119d5	93	GLADYS	GALEANO	4721 S STRAND STREET	ENTERPRISE	AL	36330	334	887-5614	8848 SOUTHWEST MAINE ST.	ISLIP TERRACE	NY	11752	631	887-0163	925-97-9762	573-75-8448	1963-02-20	F	2012-06-20T09:47:00.330-0500
PERSONLIST	faf1d8ec-f97e-378c-8001-8b10b3e428d5	94	NELLIE	RAMOS	8866 W MOUNT VERNON STREET	MATHIAS	WV	26812	304	521-9493	3696 E 84 TH AVENUE	NEW YORK	NY	10162	212	581-4705	815-94-4600	861-11-4462	1930-03-07	F	2011-12-06T00:01:17.849-0600
PERSONLIST	98a0fc7c-54d2-321e-af8a-149f20965a61	95	ALBERT	RENNER	306 SE TWENTY-SECOND ST.	GAINESVILLE	GA	30507	770	307-6458	965 NORTH WILLIAM ST.	BATON ROUGE	LA	70874	225	663-2073	919-16-2542	808-46-2034	2013-07-17	M	2010-05-26T18:38:37.911-0500
PERSONLIST	c5a0dce8-9b51-3d2f-8a69-1bf45eeb0614	96	ALBERT	RENNER	306 SE TWENTY-SECOND ST.	GAINESVILLE	GA	30507	770	307-6458	965 NORTH WILLIAM ST.	BATON ROUGE	LA	70874	225	663-2073	991-16-2542	808-46-2034	2013-07-17	M	2012-06-20T16:36:12.536-0500
PERSONLIST	fb3b66a8-c657-3213-8e38-0f6765c1211e	97	ALBERT	RENNER	306 SE TWENTY-SECOND ST.	GAINESVILLE	GA	30507	770	307-6458	965 NORTH WILLIAM ST.	BATON ROUGE	LA	70847	225	663-2073	919-16-2542	808-46-2034	2013-07-17	M	2010-02-11T02:00:45.925-0600
PERSONLIST	a4c6ca51-9334-3bd0-ae66-e3a2d7af5389	98	ALBERT	RENNER	306 SE TWENTY-SECOND ST.	GAINESVILLE	GA	30507	770	307-6458	956 NORTH WILLIAM ST.	BATON ROUGE	LA	70874	225	663-2073	919-16-2542	808-46-2034	2013-07-17	M	2012-05-14T03:13:14.920-0500
PERSONLIST	4b651334-243c-390d-91eb-ef924668c28a	99	ALBERT	RENNER	306 SE TWENTY-SECOND ST.	GAINESVILLE	GA	30507	770	307-6458	965 NORTH WILLIAM ST.	BATON ROUGE	LA	70874	225	663-2073	919-16-2542	880-46-2034	2013-07-17	M	2010-04-17T17:35:03.742-0500
PERSONLIST	2551d139-8fe2-3b18-87a4-218d278680dd	100	KENNETH	SCHNEIDER	1156 EAST BARTHELEMY ST.	LONG VALLEY	SD	57547	605	733-6097	1438 NE DETER ST.	DOTHAN	WV	25833	304	741-5344	182-47-3145	500-44-2634	1968-09-05	M	2010-04-19T05:24:59.478-0500
